tree,slope,x-intercept,y-intercept,RMS,Rsquared,correlation
tree1,2.4191752222626974E-4,1235.021168480593,-0.29877326097581747,0.0011984614665339055,0.32812303049527913,0.5728202427422403
