tree,slope,x-intercept,y-intercept,RMS,Rsquared,correlation
tree1,1.2013324127893698E-4,-1240.8542717453124,0.14906784561957925,0.0019602582877096112,0.19692293986945666,0.44376000255707665
