tree,slope,x-intercept,y-intercept,RMS,Rsquared,correlation
tree1,1.3237325650012951E-4,-942.55931563046,0.12476964605453741,0.004055029253533803,0.12581587170600686,0.35470533081137484
