tree,slope,x-intercept,y-intercept,RMS,Rsquared,correlation
tree1,0.028373291080137752,0.6343925785733731,-0.017999805290941473,4.990445598984996E-4,0.9635408597914814,0.9816011714497296
