tree,slope,x-intercept,y-intercept,RMS,Rsquared,correlation
tree1,0.0770422966576025,1.7141919589671792,-0.13206528543082618,0.002366075930650369,0.9348648544616771,0.9668840956710774
