tree,slope,x-intercept,y-intercept,RMS,Rsquared,correlation
tree1,0.03972500257820623,0.2285962286874787,-0.009080985773978312,5.63716630775122E-4,0.9731140934970952,0.9864654547915478
