tree,slope,x-intercept,y-intercept,RMS,Rsquared,correlation
tree1,0.08455480885265694,2.1719354689802057,-0.18364758841992712,0.0021822106968242085,0.9209995539858248,0.9596872167460734
